order,website
6,https://Movie2free.com
12,https://Sanook.com
13,https://Kapook.com
14,https://Shopee.co.th
16,https://Porn555.com
17,https://Anime-sugoi.com
18,https://Mthai.com
20,https://037hd.com
21,https://Dek-d.com
22,https://Roblox.com
23,https://Thairath.co.th
24,https://Fbcdn.net
25,https://Popads.net
26,https://Kseries.co
27,https://Cobalten.com
28,https://Mgronline.com
29,https://Xm.com
30,https://Hrazens.com
31,https://Khaosod.co.th
32,https://Twitch.tv
34,https://Kaidee.com
38,https://Exosrv.com
39,https://Dailymotion.com
40,https://Siamsport.co.th
41,https://Netflix.com
42,https://Pornhub.com
43,https://Bopp-obec.info
44,https://Trueplookpanya.com
45,https://Longdo.com
46,https://Pcmclk.com
48,https://Mastermovie-hd.com
49,https://Microsoft.com
50,https://Bugaboo.tv
51,https://2youhd.com
52,https://Y8.com
53,https://Googleusercontent.com
54,https://T.co
55,https://Soccersuck.com
56,https://Nextoptim.com
57,https://Slideshare.net
59,https://Oremanga.com
60,https://Thaiware.com
61,https://Openload.co
62,https://Moph.go.th
63,https://Chordtabs.in.th
64,https://Mahidol.ac.th
65,https://Trueid.net
66,https://Softonic.com
68,https://Sillapa.net
69,https://Niceoppai.net
70,https://Mediafire.com
71,https://Matichon.co.th
73,https://Siambit.me
74,https://Gotoknow.org
75,https://Settrade.com
79,https://Neko-miku.com
80,https://Tt-torrent.com
81,https://Ku.ac.th
82,https://Savefrom.net
84,https://Teenee.com
85,https://Adintrend.com
86,https://Bongacams.com
87,https://Guchill.com
88,https://Dailynews.co.th
89,https://Exdynsrv.com
90,https://Swiftviz.net
91,https://Livejasmin.com
93,https://Goal.in.th
94,https://Xhamster.com
95,https://Vk.com
96,https://Psu.ac.th
97,https://Activetect.net
99,https://Obec.go.th
100,https://Mello.me
101,https://Txxx.com
103,https://Tunwalai.com
104,https://Thailandpost.co.th
105,https://Ais.co.th
107,https://Advice.co.th
108,https://Youtubeto.com
109,https://Pngtree.com
110,https://Chula.ac.th
112,https://Nationtv.tv
113,https://Ksubthai.co
114,https://Twimg.com
115,https://Notebookspec.com
116,https://Wealthclick.net
117,https://Kku.ac.th
118,https://Cmu.ac.th
119,https://Imgtrue.com
120,https://Chilindo.com
121,https://Mangasubthai.com
122,https://Postjung.com
123,https://Webtoons.com
124,https://Postto.me
125,https://Gprocurement.go.th
126,https://Wongnai.com
127,https://Sbdesignsquare.com
128,https://Honestdocs.co
130,https://Kasikornbankgroup.com
131,https://F5v1x3kgv5.com
132,https://Popcash.net
133,https://Fidonav.com
134,https://Dropbox.com
135,https://Nanamovies.com
136,https://Digitaldsp.com
137,https://Javmost.com
138,https://Doonungdee.online
139,https://New-mastermovie.com
140,https://Olymptrade.com
141,https://One31.net
142,https://Fanseries.co
143,https://Kingsmanga.net
144,https://Campus-star.com
145,https://Mobindy.com
146,https://F0nt.com
147,https://Jobthai.com
148,https://Siamphone.com
149,https://Jib.co.th
150,https://Dla.go.th
151,https://Wikia.com
152,https://Mgid.com
153,https://Keyrolan.com
154,https://Priceza.com
155,https://Mobilesitexxx.com
156,https://Uptodown.com
157,https://Truecorp.co.th
158,https://Ballzaa.com
160,https://Lnwshop.com
161,https://Dedbit.com
162,https://Ktb.co.th
163,https://Bodelen.com
164,https://Imdb.com
165,https://Ch3thailand.com
166,https://Xvideos.com
167,https://Tu.ac.th
168,https://Animehdzero.com
169,https://Xn--18-3qi1e6drb.com
170,https://Bbc.com
171,https://Affichaos.com
172,https://Garena.in.th
173,https://Majorcineplex.com
174,https://Livescore.com
175,https://Doujin-th.com
177,https://Xnxx.com
178,https://Googlevideo.com
179,https://Nungnew-hd.com
180,https://Ouo.io
181,https://Vlive.tv
182,https://Se-ed.com
183,https://Gamefever.co
184,https://Bk8thb.com
185,https://Javhd.com
186,https://Nekopost.net
187,https://Set.or.th
188,https://Scribd.com
189,https://Topshape.me
190,https://Rotumal.com
191,https://Catdumb.com
192,https://Traveloka.com
194,https://Dltv.ac.th
195,https://Vjav.com
196,https://Kasikornbank.com
197,https://Watchlakorn.in
198,https://Siamzone.com
199,https://One2car.com
